<?xml version="1.0" encoding="UTF-8"?>
<metadata xml:lang="fr"><Esri><CreaDate>20200519</CreaDate><CreaTime>10024300</CreaTime><ArcGISFormat>1.0</ArcGISFormat><SyncOnce>TRUE</SyncOnce><DataProperties><lineage><Process ToolSource="c:\program files (x86)\arcgis\desktop10.4\ArcToolbox\Toolboxes\Spatial Analyst Tools.tbx\ExtractByMask" Date="20200519" Time="100243">ExtractByMask k_factor30m borde "D:\07_PhD\13_NextProyects\Costos ambientales\Kfactor-30m\K_Santa"</Process></lineage></DataProperties></Esri></metadata>
